,User ID,App Usage Time (min/day),Screen On Time (hours/day),Battery Drain (mAh/day),Number of Apps Installed,Data Usage (MB/day),Age,User Behavior Class
count,700.0,700.0,700.0,700.0,700.0,700.0,700.0,700.0
mean,350.5,271.12857142857143,5.272714285714286,1525.1585714285713,50.68142857142857,929.7428571428571,38.48285714285714,2.99
std,202.21688027132322,177.19948438266206,3.0685839102732553,819.1364144757152,26.943324147645118,640.4517291185034,12.01291593214255,1.4014758213488612
min,1.0,30.0,1.0,302.0,10.0,102.0,18.0,1.0
25%,175.75,113.25,2.5,722.25,26.0,373.0,28.0,2.0
50%,350.5,227.5,4.9,1502.5,49.0,823.5,38.0,3.0
75%,525.25,434.25,7.4,2229.5,74.0,1341.0,49.0,4.0
max,700.0,598.0,12.0,2993.0,99.0,2497.0,59.0,5.0
